<?xml version="1.0" encoding="UTF-8"?>
<guiaRemision xmlns:ns1="http://www.w3.org/2000/09/xmldsig#"
 xmlns:xsi="http://www.w3.org/2001/XMLSchema-instance"
 xsi:noNamespaceSchemaLocation="file:/C:/borrar/xsd/12-xsd-5_V1.1.0.xsd" id="comprobante" version="version0">
    <infoTributaria>
        <ambiente>1</ambiente>
        <tipoEmision>1</tipoEmision>
        <razonSocial>razonSocial0</razonSocial>
        <nombreComercial>nombreComercial0</nombreComercial>
        <ruc>0000000000001</ruc>
        <claveAcceso>0000000000000000000000000000000000000000000000000</claveAcceso>
        <codDoc>00</codDoc>
        <estab>000</estab>
        <ptoEmi>000</ptoEmi>
        <secuencial>000000000</secuencial>
        <dirMatriz>dirMatriz0</dirMatriz>
        <agenteRetencion>0</agenteRetencion>
        <contribuyenteRimpe>CONTRIBUYENTE RÉGIMEN RIMPE</contribuyenteRimpe>
    </infoTributaria>
    <infoGuiaRemision>
        <dirEstablecimiento>dirEstablecimiento0</dirEstablecimiento>
        <dirPartida>dirPartida0</dirPartida>
        <razonSocialTransportista>razonSocialTransportista0</razonSocialTransportista>
        <tipoIdentificacionTransportista>04</tipoIdentificacionTransportista>
        <rucTransportista>rucTransportista0</rucTransportista>
        <rise>rise0</rise>
        <obligadoContabilidad>SI</obligadoContabilidad>
        <contribuyenteEspecial>contribuyente</contribuyenteEspecial>
        <fechaIniTransporte>01/01/2000</fechaIniTransporte>
        <fechaFinTransporte>01/01/2000</fechaFinTransporte>
        <placa>placa0</placa>
    </infoGuiaRemision>
    <destinatarios>
        <destinatario>
            <identificacionDestinatario>identificacionDestin</identificacionDestinatario>
            <razonSocialDestinatario>razonSocialDestinatario0</razonSocialDestinatario>
            <dirDestinatario>dirDestinatario0</dirDestinatario>
            <motivoTraslado>motivoTraslado0</motivoTraslado>
            <docAduaneroUnico>docAduaneroUnico0</docAduaneroUnico>
            <codEstabDestino>000</codEstabDestino>
            <ruta>ruta0</ruta>
            <codDocSustento>00</codDocSustento>
            <numDocSustento>000-000-000000000</numDocSustento>
            <numAutDocSustento>0000000000</numAutDocSustento>
            <fechaEmisionDocSustento>01/01/2000</fechaEmisionDocSustento>
            <detalles>
                <detalle>
                    <codigoInterno>codigoInterno0</codigoInterno>
                    <codigoAdicional>codigoAdicional0</codigoAdicional>
                    <descripcion>descripcion0</descripcion>
                    <cantidad>50.000000</cantidad>
                    <detallesAdicionales>
                    </detallesAdicionales>
                </detalle>
                <detalle>
                    <codigoInterno>codigoInterno1</codigoInterno>
                    <codigoAdicional>codigoAdicional1</codigoAdicional>
                    <descripcion>descripcion1</descripcion>
                    <cantidad>50.000000</cantidad>
                    <detallesAdicionales>
                    </detallesAdicionales>
                </detalle>
            </detalles>
        </destinatario>
        <destinatario>
            <identificacionDestinatario>identificacionDestin</identificacionDestinatario>
            <razonSocialDestinatario>razonSocialDestinatario1</razonSocialDestinatario>
            <dirDestinatario>dirDestinatario1</dirDestinatario>
            <motivoTraslado>motivoTraslado1</motivoTraslado>
            <docAduaneroUnico>docAduaneroUnico1</docAduaneroUnico>
            <codEstabDestino>000</codEstabDestino>
            <ruta>ruta1</ruta>
            <codDocSustento>00</codDocSustento>
            <numDocSustento>000-000-000000000</numDocSustento>
            <numAutDocSustento>0000000000</numAutDocSustento>
            <fechaEmisionDocSustento>01/01/2000</fechaEmisionDocSustento>
            <detalles>
                <detalle>
                    <codigoInterno>codigoInterno2</codigoInterno>
                    <codigoAdicional>codigoAdicional2</codigoAdicional>
                    <descripcion>descripcion2</descripcion>
                    <cantidad>50.000000</cantidad>
                    <detallesAdicionales>
                    </detallesAdicionales>
                </detalle>
                <detalle>
                    <codigoInterno>codigoInterno3</codigoInterno>
                    <codigoAdicional>codigoAdicional3</codigoAdicional>
                    <descripcion>descripcion3</descripcion>
                    <cantidad>50.000000</cantidad>
                    <detallesAdicionales>
                    </detallesAdicionales>
                </detalle>
            </detalles>
        </destinatario>
    </destinatarios>
    <maquinaFiscal>
        <marca>marca0</marca>
        <modelo>modelo0</modelo>
        <serie>serie0</serie>
    </maquinaFiscal>
    <infoAdicional>
        <campoAdicional nombre="nombre0">campoAdicional0</campoAdicional>
        <campoAdicional nombre="nombre1">campoAdicional1</campoAdicional>
    </infoAdicional>
</guiaRemision>
